"redis_instances","throughput"
1,76810.81
2,142203.16999999998
3,211592.12
4,274351.4
5,332354.32
6,389665.95
7,449972.33
8,496901.32
9,547188.83
10,589700.67
11,646983.94
12,698641.64
13,748483.9099999999
14,772885.2999999999
15,821389.86
16,832165.79
